zeat_code,centers_x,centers_y
0,-100.0,-100.0
1,2.3354880097019404,48.80583509172309
2,2.421248463064426,48.34219805865744
3,2.750746747432201,50.47076026131477
4,6.448630892581747,48.07128232725426
5,-1.2069068784548864,47.29920072498446
6,0.9519229671823484,44.292365963611054
7,4.582947958651617,45.517709716558336
8,5.408537090477498,43.51961417530065
9,-100.0,-100.0
